1,Stone,Barrett,1964-10-19 14:11:03
2,Raymond,Pace,1977-12-11 21:44:30
3,Armando,Logan,1986-12-25 11:54:28
4,Latifah,Barnett,1959-07-24 06:00:16
5,Cassandra,Moses,1956-09-14 06:49:28
6,Audra,Hopkins,1984-08-30 04:18:10
7,Upton,Morrow,1973-02-04 05:26:05
8,Melodie,Velasquez,1953-04-26 11:16:26
9,Sybill,Nolan,1951-06-24 14:56:51
10,Glenna,Little,1953-08-27 13:15:08
11,Ingrid,Jackson,1957-09-05 21:36:47
12,Duncan,Castaneda,1979-01-21 18:31:27
13,Xaviera,Gillespie,1965-07-18 15:05:22
14,Rhoda,Lancaster,1990-09-11 15:52:54
15,Fatima,Combs,1979-06-01 06:58:54
16,Merrill,Hopkins,1990-07-02 17:36:35
17,Felicia,Vinson,1959-12-19 20:23:12
18,Hanae,Harvey,1984-12-27 10:36:49
19,Ramona,Acosta,1962-06-23 20:03:40
20,Katelyn,Hammond,1988-11-12 19:05:13
21,Rosalyn,Simon,1982-02-25 09:30:10
22,Alea,Barron,1959-06-23 05:10:26
23,Raymond,Knox,1979-07-16 19:41:45
24,Hu,Franks,1988-12-17 15:30:12
25,Damon,Holman,1964-01-29 01:08:09
26,Ori,Nunez,1958-06-05 16:18:36
27,Sasha,Carey,1976-01-12 22:22:48
28,Sarah,Mullins,1986-11-20 04:25:19
29,Hammett,Buck,1982-06-01 10:46:06
30,Melissa,Parrish,1963-08-14 09:17:07
31,Daquan,Craig,1977-06-17 22:11:05
32,Keane,Rose,1958-09-23 07:34:00
33,rightName,Joyce,1974-10-27 05:59:08
34,Iliana,Atkinson,1967-01-28 16:12:45
35,Dawn,Fulton,1960-07-30 21:30:51
36,Anjolie,Gay,1972-02-17 17:51:22
37,Tanya,Crosby,1971-09-04 15:04:50
38,Dacey,Hinton,1989-07-26 12:19:37
39,Carl,Monroe,1957-10-12 00:15:06
40,Derek,Bush,1973-02-27 10:37:04
41,Lucian,Shannon,1954-06-29 18:27:13
42,Jorden,Gilliam,1989-06-25 04:19:23
43,Arden,Buckner,1976-01-21 03:48:16
44,Kenneth,Marquez,1954-07-30 04:41:12
45,Kitra,Becker,1952-07-26 19:03:51
46,Jin,Greer,1978-11-03 18:16:18
47,Jaden,Suarez,1956-02-29 06:45:43
48,Sylvia,Nielsen,1978-07-16 04:40:35
49,Mona,Osborn,1968-04-17 09:18:57
50,Lyle,Lawson,1976-05-06 21:51:44
51,Asher,Frazier,1958-11-17 05:06:45
52,Brynne,Mcdonald,1977-12-24 23:08:23
53,Ahmed,Holt,1970-09-07 12:19:58
54,Iola,Thornton,1961-04-23 21:57:28
55,Quynn,Villarreal,1972-07-21 21:12:55
56,Althea,Black,1982-07-03 15:01:48
57,Elmo,Rowland,1979-07-25 17:15:35
58,Remedios,Pollard,1962-07-03 12:36:42
59,Kaitlin,Trujillo,1985-01-17 22:26:35
60,Stewart,Frederick,1979-04-20 11:40:15
61,Blythe,Payne,1974-08-20 13:59:56
62,Nyssa,Chang,1975-05-27 20:02:43
63,Mariam,Sanders,1985-03-26 14:43:18
64,Orson,Mendez,1961-02-19 08:35:13
65,Marshall,Kidd,1980-05-06 04:26:29
66,Giacomo,Tate,1980-12-12 22:58:32
67,Mollie,Gilliam,1966-02-21 03:27:52
68,Holly,Paul,1966-11-12 10:26:34
69,Dominic,Harmon,1976-12-16 02:33:39
70,Rooney,Hopper,1956-06-21 23:05:16
71,Shay,Craft,1959-12-18 11:54:04
72,Nicholas,Melendez,1962-03-02 06:52:46
73,Addison,Kaufman,1985-07-11 23:35:08
74,Anastasia,Frederick,1955-06-05 11:14:18
75,Mary,Benson,1956-03-24 07:08:49
76,Garrett,Conner,1955-11-30 00:08:16
77,Kendall,Fitzgerald,1954-08-13 21:41:49
78,Juliet,Montoya,1964-11-01 05:08:32
79,Olivia,Marsh,1975-10-09 23:14:36
80,Daquan,Bennett,1956-12-25 22:39:03
81,Leroy,Sandoval,1963-02-08 04:45:16
82,Sonia,Figueroa,1976-01-17 18:33:14
83,Emerald,Baxter,1978-05-04 05:52:57
84,Reed,Cobb,1974-08-21 10:54:31
85,Bertha,Lowe,1952-09-23 02:59:40
86,Dennis,Wright,1986-12-27 22:56:13
87,Declan,Buck,1989-02-25 00:52:00
88,Latifah,Richardson,1952-03-27 18:58:36
89,Rashad,Curry,1986-04-19 05:55:16
90,Carl,Cochran,1983-01-13 00:11:10
91,Levi,Mack,1974-07-24 17:26:16
92,Ella,Mooney,1988-06-16 14:05:15
93,Dara,Anthony,1980-08-13 05:14:39
94,Benedict,Paul,1977-09-24 16:23:31
95,Benjamin,Booker,1962-08-10 22:39:30
96,Pandora,Lee,1986-05-16 04:25:14
97,Hall,Hester,1956-07-18 13:50:48
98,Piper,Marks,1964-09-10 19:19:48
99,Rafael,Roman,1962-01-24 22:13:42
100,Alfonso,Flores,1968-04-22 20:35:06